dayofweek,y
0,17.993715277777778
1,19.149270833333333
2,18.622213652140378
3,18.748032407407408
4,18.532600308641975
5,18.16201550387597
6,17.90949074074074
