,Mean_Error,Std_Error,Min_Error,Max_Error
ARIMA,-3.4275109751096666,14.357151031855922,-21.867236841506475,23.231664082418106
SARIMA,-7.037994077958318,4.851391609585519,-22.58746797885801,3.127235377572468
Prophet,-27.153665405220575,11.599595449411892,-46.56159892703021,-3.16420571221488
