,ARIMA,SARIMA
RMSE,14.738285585846668,8.543662347085027
MAE,13.496366402786572,7.278891788506787
R2,-0.029025242778365046,0.6542037766083046
