month,y
5,15.16385528673835
6,20.99668521094112
7,24.828881179531656
