Unnamed: 0,ARIMA,SARIMA,Prophet
RMSE,14.738285585846668,8.543662347085027,29.519426122886397
MAE,13.496366402786572,7.278891788506787,27.169317053207166
R2,-0.029025242778365,0.6542037766083046,-3.094370403028413
